{
  "project_info": {
    "project_number": "40414668498",
    "project_id": "calendario-eventos-1b31f",
    "storage_bucket": "calendario-eventos-1b31f.appspot.com"
  },
  "client": [
    {
      "client_info": {
        "mobilesdk_app_id": "1:40414668498:android:3c6f27f80dbf527988af0b",
        "android_client_info": {
          "package_name": "com.example.calendario"
        }
      },
      "oauth_client": [],
      "api_key": [
        {
          "current_key": "AIzaSyDZ37uy1tYFJUYQjByB8C7L5fHXx1Zk-P0"
        }
      ],
      "services": {
        "appinvite_service": {
          "other_platform_oauth_client": []
        }
      }
    }
  ],
  "configuration_version": "1"
}